{"feature_importance": {"mean": {"amihud_1000": 0.00030856764596427387, "amihud_250": -0.0017706765291685238, "amihud_50": -0.003677948826614495, "amihud_500": 0.003985034756380208, "auto_1000_25": -0.0008688660186889218, "auto_1000_250": -0.0015266827276703195, "auto_1000_50": 0.00406788512282202, "auto_1000_500": 0.008968826510026395, "auto_250_25": 0.0035631262573596373, "auto_250_50": 0.003688953878009581, "auto_500_25": 0.0051253039946676515, "auto_500_250": 0.0030569496542652563, "auto_500_50": 0.003601506778125113, "auto_50_25": 0.00039374865731983547, "ffd_0.5": -0.000680646427442355, "kyle_1000": 0.0010080346256646357, "kyle_250": 0.0004554976122584061, "kyle_50": -0.0034253590898282093, "kyle_500": -0.0017296241373386087, "log": -0.005300116442545065, "roll_1000": 0.0005264033139697236, "roll_250": 0.002614531011407224, "roll_50": 0.0013448622297804514, "roll_500": 0.003996029599018835, "rollimp_1000": -0.005968942393775838, "rollimp_250": -0.004066083757570461, "rollimp_50": 0.0015363780755190172, "rollimp_500": 4.62760619065951e-05, "stdev_1000": -0.00012370486665880316, "stdev_250": 0.0014863873696489458, "stdev_50": -0.0026605754815129203, "stdev_500": -0.000912446402767054, "volratio_1000": -0.00020882775563974877, "volratio_250": 0.0031831828699133017, "volratio_50": 0.005090111917906625, "volratio_500": 0.004355023759607474}, "std": {"amihud_1000": 0.001502861852722535, "amihud_250": 0.002793730255556926, "amihud_50": 0.0017279197363095937, "amihud_500": 0.0003659480479021955, "auto_1000_25": 0.0015825184416762379, "auto_1000_250": 0.0026859755952665927, "auto_1000_50": 0.00224455982617576, "auto_1000_500": 0.002259202977132215, "auto_250_25": 0.00022144281518314462, "auto_250_50": 0.001820025514197744, "auto_500_25": 0.0020109810000165642, "auto_500_250": 0.0007458648760155814, "auto_500_50": 0.0014735694930918632, "auto_50_25": 6.937611719084245e-05, "ffd_0.5": 1.3218290467192572e-05, "kyle_1000": 0.000699802929694389, "kyle_250": 0.0006928889197452687, "kyle_50": 0.0010241593116528823, "kyle_500": 0.00010319879063503997, "log": 0.0008215227192358104, "roll_1000": 0.0005232306731492694, "roll_250": 0.00038380833981034726, "roll_50": 0.0008395834531492956, "roll_500": 0.0021310684885040166, "rollimp_1000": 0.00038812125128175843, "rollimp_250": 0.0011902925360983765, "rollimp_50": 0.0020291489650801076, "rollimp_500": 0.003093954122694332, "stdev_1000": 0.0001865040367497483, "stdev_250": 0.0005784164315700002, "stdev_50": 0.0001009285978414488, "stdev_500": 0.0019452076255772675, "volratio_1000": 0.0003534533328622609, "volratio_250": 0.00029607681435710886, "volratio_50": 4.1379601619068174e-05, "volratio_500": 0.0020088396839704125}}, "config": {"start_date": "2019-01-01", "end_date": "2021-01-01", "vol_estimate": 100, "downsampling": "cusum", "symbols": ["@ES#C", "@NQ#C"], "symbol_groups": null, "test_procedure": "walk_forward", "classifier": "lgbm", "bar_type": "dollar", "bar_size": null, "binarize": "fixed_horizon", "binarize_params": 10, "alpha": "none", "alpha_params": [], "feature_imp_only": false, "reuse_hypers": true, "hypers_n_iter": 25, "save_to_disk": true, "optimize_hypers": true, "feat_imp_method": "MDA", "num_threads": 1, "n_jobs": 4, "check_completed": false, "features": ["log", "ffd_0.5", "auto_50_25", "stdev_50", "roll_50", "rollimp_50", "amihud_50", "kyle_50", "volratio_50", "auto_250_25", "auto_250_50", "stdev_250", "roll_250", "rollimp_250", "amihud_250", "kyle_250", "volratio_250", "auto_500_25", "auto_500_50", "auto_500_250", "stdev_500", "roll_500", "rollimp_500", "amihud_500", "kyle_500", "volratio_500", "auto_1000_25", "auto_1000_50", "auto_1000_250", "auto_1000_500", "stdev_1000", "roll_1000", "rollimp_1000", "amihud_1000", "kyle_1000", "volratio_1000"]}, "primary": {"classification_report_str": "              precision    recall  f1-score   support\n\n        -1.0       0.46      0.59      0.52      1103\n         1.0       0.52      0.39      0.45      1257\n\n    accuracy                           0.48      2360\n   macro avg       0.49      0.49      0.48      2360\nweighted avg       0.49      0.48      0.48      2360\n", "classification_report": {"-1.0": {"precision": 0.4600706713780919, "recall": 0.5902085222121487, "f1-score": 0.517077045274027, "support": 1103}, "1.0": {"precision": 0.5216931216931217, "recall": 0.3922036595067621, "f1-score": 0.4477747502270663, "support": 1257}, "accuracy": 0.4847457627118644, "macro avg": {"precision": 0.49088189653560677, "recall": 0.49120609085945544, "f1-score": 0.4824258977505467, "support": 2360}, "weighted avg": {"precision": 0.4928924595331734, "recall": 0.4847457627118644, "f1-score": 0.48016476354774335, "support": 2360}}, "f1_score": 0.4847457627118644, "confusion_matrix": [[651, 452], [764, 493]], "roc_curve": [[0.0, 0.4097914777878513, 1.0], [0.0, 0.3922036595067621, 1.0], [2.0, 1.0, -1.0]], "roc_auc_score": 0.4966346212794931, "hyper_params": {"num_leaves": 18, "n_estimators": 100, "max_depth": 1, "colsample_bytree": 0.5999999999999999}, "pnl": {"fig_file_name": "f_payload_@ES#C-@NQ#C_dollar_fixed_horizon_10_none_[]_lgbm_primary.png", "p_stats": {"Annual return": -0.003358738897636715, "Cumulative returns": -0.0015074987309986465, "Annual volatility": 0.005893736669708253, "Sharpe ratio": -0.5730143798921123, "Calmar ratio": -0.9070484326079845, "Stability": 0.49365129436456034, "Max drawdown": -0.003702932254653178, "Omega ratio": 0.8842219083886883, "Sortino ratio": -0.8123270736883714, "Skew": null, "Kurtosis": null, "Tail ratio": 1.0354988688491669, "Daily value at risk": -0.0007559425956922263}, "p_stats_wo_costs": {"Annual return": -0.0032360216086232407, "Cumulative returns": -0.0014523703989869352, "Annual volatility": 0.005895517302275395, "Sharpe ratio": -0.5517691443580125, "Calmar ratio": -0.8851857279354371, "Stability": 0.48087291467374094, "Max drawdown": -0.0036557543874671085, "Omega ratio": 0.8882525998247138, "Sortino ratio": -0.7831105202045286, "Skew": null, "Kurtosis": null, "Tail ratio": 1.0368220573343057, "Daily value at risk": -0.0007556739528579904}, "dd_table": {"Net drawdown in %": {"0": 0.37029322546531157, "1": 0.17320791189707382, "2": 0.0, "3": 0.0, "4": 0.0}, "Peak date": {"0": "2019-08-23T00:00:00", "1": "2019-08-13T00:00:00", "2": "2019-08-12T00:00:00", "3": "2019-08-12T00:00:00", "4": "2019-08-12T00:00:00"}, "Valley date": {"0": "2020-01-15T00:00:00", "1": "2019-08-14T00:00:00", "2": "2019-08-12T00:00:00", "3": "2019-08-12T00:00:00", "4": "2019-08-12T00:00:00"}, "Recovery date": {"0": "0001-01-01T00:00:00", "1": "2019-08-23T00:00:00", "2": "2019-08-12T00:00:00", "3": "2019-08-12T00:00:00", "4": "2019-08-12T00:00:00"}, "Duration": {"0": null, "1": 9, "2": 1, "3": 1, "4": 1}},